sigla,ano,desca
BJF,1996,2.0888888888888895
BJF,1997,1.2465277777777777
BJF,1998,2.353174603174603
BJF,1999,1.2976190476190474
BJF,2000,1.3035714285714284
BJF,2001,1.3035714285714284
BJF,2002,1.4457142857142862
BJF,2003,1.049285714285712
BJF,2004,0.742142857142856
BJF,2005,0.7542857142857138
BJF,2006,0.554285714285713
BJF,2007,0.48846153846153656
BJF,2008,0.43083333333333157
BJF,2009,0.2541666666666657
BJF,2010,0.46000000000000013
BJF,2011,0.6444444444444407
BJF,2012,0.393846153846156
BJF,2013,0.43500000000000016
BJF,2014,-0.12181818181818045
BJF,2015,0.3657407407407397
BJF,2016,0.1898148148148143
BJF,2017,0.1222222222222216
BJF,2018,0.18974358974359026
BJF,2019,-0.07777777777777335
BJF,2020,0.22991452991452851
BJF,2022,0.26944444444444887
BJF,2023,0.13796296296296143
BJF,2024,0.025000000000001736
BJF,2025,0.46759259259259206
BJF,2026,0.23425925925925778
CAP,1996,-0.5611111111111107
CAP,1998,-0.42460317460317515
CAP,1999,-0.42460317460317476
CAP,2000,-0.9964285714285716
CAP,2001,-0.7464285714285716
CAP,2002,-1.654285714285713
CAP,2003,-0.32071428571428695
CAP,2004,-1.2378571428571437
CAP,2005,-0.5557142857142857
CAP,2006,-0.8057142857142878
EST,1996,0.038888888888889285
EST,1997,-1.3090277777777777
EST,2007,-0.7915384615384632
EST,2016,-0.48796296296296204
EST,2020,-0.5811965811965799
GRA,1996,-0.21111111111111072
GRA,1997,-0.4756944444444444
GRA,1998,0.2420634920634915
GRA,1999,0.853174603174603
GRA,2000,-0.19642857142857154
GRA,2001,0.45357142857142846
GRA,2002,0.6057142857142843
GRA,2003,0.7492857142857119
GRA,2004,-0.07785714285714285
GRA,2005,0.6742857142857147
GRA,2006,0.6242857142857112
GRA,2007,0.3484615384615374
GRA,2008,0.2008333333333326
GRA,2009,0.14416666666666628
GRA,2010,0.4599999999999994
GRA,2012,0.18384615384615516
GRA,2013,0.005000000000002558
GRA,2014,0.008181818181821399
GRA,2015,0.22129629629629635
GRA,2016,0.04537037037036937
GRA,2017,0.13333333333333364
GRA,2018,-0.19914529914529785
GRA,2019,-0.04444444444444192
GRA,2020,0.2965811965811969
GRA,2022,0.34722222222222776
GRA,2023,0.026851851851850326
GRA,2024,0.12499999999999921
GRA,2025,0.47870370370370335
GRA,2026,-0.04351851851851999
IMP,1996,2.3888888888888893
IMP,1997,1.3020833333333333
IMP,1998,2.4642857142857135
IMP,1999,0.2420634920634919
IMP,2000,1.3535714285714284
IMP,2001,1.3535714285714284
IMP,2002,1.1157142857142859
IMP,2003,0.6692857142857122
IMP,2004,0.5221428571428565
IMP,2005,0.6642857142857146
IMP,2006,0.03428571428571274
IMP,2007,-0.24153846153846176
IMP,2008,0.15083333333333115
IMP,2009,0.09416666666666558
IMP,2010,-0.06999999999999815
IMP,2011,-0.12555555555556025
IMP,2012,-0.186153846153843
IMP,2013,0.2550000000000011
IMP,2014,0.048181818181819124
IMP,2015,0.23240740740740762
IMP,2016,0.1120370370370362
IMP,2017,0.03333333333333539
IMP,2018,0.023076923076922797
IMP,2019,-0.2777777777777746
IMP,2022,-0.19722222222221653
IMP,2023,0.22685185185184922
IMP,2024,0.19166666666666604
IMP,2025,0.4564814814814808
IMP,2026,0.12314814814814588
ISR,1996,1.3388888888888892
ISR,1997,-1.03125
ISR,1999,-0.9801587301587303
ISR,2001,-0.6464285714285716
ISR,2002,-0.02428571428571331
ISR,2003,-0.8507142857142866
ISR,2004,-0.03785714285714228
ISR,2005,-0.755714285714285
ISR,2006,0.03428571428571203
ISR,2007,-0.4815384615384609
ISR,2009,-0.47583333333333255
ISR,2018,-0.3991452991452975
ISR,2019,-0.677777777777774
ISR,2023,-0.46203703703703763
ITI,1996,-4.761111111111111
MAN,1996,2.038888888888889
MAN,1997,1.0243055555555556
MAN,1998,2.6309523809523805
MAN,1999,0.7420634920634919
MAN,2000,0.3035714285714285
MAN,2001,1.2035714285714285
MAN,2002,1.4557142857142864
MAN,2003,0.9492857142857126
MAN,2004,0.6621428571428577
MAN,2005,0.19428571428571573
MAN,2006,0.554285714285713
MAN,2007,0.29846153846153883
MAN,2008,-0.10916666666666615
MAN,2009,0.13416666666666685
MAN,2010,0.2000000000000007
MAN,2011,0.0344444444444413
MAN,2012,0.04384615384615671
MAN,2013,-0.004999999999999005
MAN,2014,-0.11181818181817889
MAN,2015,-0.0009259259259235048
MAN,2016,0.2564814814814811
MAN,2017,0.21111111111111094
MAN,2018,0.15641025641025724
MAN,2019,0.31111111111111317
MAN,2020,0.14102564102563994
MAN,2022,0.04722222222222743
MAN,2023,0.13796296296296223
MAN,2024,0.10277777777777668
MAN,2025,0.32314814814814713
MAN,2026,0.07870370370370239
MOC,1996,2.3888888888888893
MOC,1997,1.5798611111111112
MOC,1998,1.0198412698412693
MOC,1999,1.0198412698412698
MOC,2000,1.1535714285714285
MOC,2001,0.3535714285714285
MOC,2002,1.0057142857142871
MOC,2003,0.5192857142857129
MOC,2004,-0.007857142857142563
MOC,2005,-0.31571428571428584
MOC,2006,-0.10571428571428783
MOC,2007,-0.3315384615384609
MOC,2008,0.010833333333332007
MOC,2009,-0.3958333333333314
MOC,2010,-0.05
MOC,2011,-0.13555555555555757
MOC,2012,-0.06615384615384343
MOC,2013,-0.425
MOC,2014,-0.20181818181817945
MOC,2015,0.11018518518518523
MOC,2016,-0.27685185185185035
MOC,2017,0.16666666666666588
MOC,2018,0.1675213675213685
MOC,2019,0.11111111111111348
MOC,2020,0.24102564102564136
MOC,2022,0.013888888888892836
MOC,2023,-0.28425925925926127
MOC,2024,-0.18611111111111078
MOC,2025,-1.0546296296296294
MOC,2026,-0.24351851851852047
POR,1996,0.9888888888888893
POR,1997,0.2465277777777778
POR,1998,1.4087301587301582
POR,1999,-0.146825396825397
POR,2000,-0.9964285714285716
POR,2001,-0.6964285714285715
POR,2002,0.39571428571428696
POR,2003,0.1292857142857123
POR,2004,0.3621428571428577
POR,2005,-0.7957142857142856
POR,2006,0.16428571428571176
POR,2007,0.03846153846153655
POR,2008,0.18083333333333015
POR,2009,0.244166666666667
POR,2010,-0.220000000000001
POR,2012,0.10384615384615685
POR,2013,0.01500000000000199
POR,2014,0.21818181818181942
POR,2015,0.25462962962963015
POR,2016,0.24537037037036985
POR,2017,0.28888888888888903
POR,2018,0.11196581196581296
POR,2019,0.1777777777777795
POR,2020,0.1299145299145318
POR,2022,0.15833333333333854
POR,2023,-0.10648148148148254
POR,2024,0.08055555555555492
POR,2025,-0.7990740740740745
POR,2026,-0.13240740740740936
PPE,1996,0.4388888888888893
PPE,1997,1.1909722222222223
PPE,1998,-4.0357142857142865
PPE,2000,-1.7464285714285714
PPE,2002,-0.6042857142857138
PPE,2003,-0.5607142857142875
PPE,2004,-0.4578571428571426
PPE,2005,0.164285714285716
PPE,2006,-0.6057142857142871
PPE,2007,-0.3215384615384608
PPE,2008,-0.6791666666666671
PPE,2009,-0.29583333333333073
PPE,2010,-0.4
PPE,2011,-0.3955555555555577
PPE,2012,-0.6861538461538451
PPE,2024,-0.49722222222222
SAL,1996,1.5888888888888892
SAL,1997,1.0798611111111112
SAL,1998,0.9087301587301582
SAL,1999,0.853174603174603
SAL,2000,0.40357142857142847
SAL,2001,1.0035714285714286
SAL,2002,0.7957142857142877
SAL,2003,0.21928571428571358
SAL,2004,0.4921428571428589
SAL,2005,0.6042857142857152
SAL,2006,-0.26571428571428585
SAL,2007,0.1984615384615367
SAL,2008,0.3008333333333312
SAL,2009,0.35416666666666713
SAL,2010,0.2600000000000001
SAL,2011,0.24444444444444216
SAL,2012,0.43384615384615444
SAL,2013,0.22500000000000214
SAL,2014,0.2981818181818198
SAL,2015,0.3546296296296292
SAL,2016,0.2231481481481481
SAL,2017,0.2222222222222222
SAL,2018,0.1786324786324782
SAL,2019,0.16666666666666904
SAL,2020,0.185470085470085
SAL,2022,0.025000000000004893
SAL,2023,0.026851851851850326
SAL,2024,0.14722222222222095
SAL,2025,0.3120370370370359
SAL,2026,0.1898148148148135
TIJ,1996,-0.4611111111111107
TIJ,1997,-0.53125
TIJ,1998,-3.091269841269842
TIJ,2000,0.7035714285714285
TIJ,2001,-0.5964285714285715
TIJ,2002,-0.21428571428571247
TIJ,2003,0.06928571428571217
TIJ,2004,0.6621428571428577
TIJ,2005,0.7442857142857143
TIJ,2006,0.5142857142857118
TIJ,2007,0.28846153846153727
TIJ,2008,0.15083333333333115
TIJ,2009,-0.23583333333333273
TIJ,2010,0.5899999999999999
TIJ,2011,0.414444444444441
TIJ,2012,0.49384615384615527
TIJ,2013,0.36500000000000127
TIJ,2014,0.32818181818182024
TIJ,2015,-0.8898148148148144
TIJ,2016,0.23425925925925858
TIJ,2017,-0.21111111111111017
TIJ,2018,0.08974358974359041
TIJ,2019,0.08888888888889174
TIJ,2020,-0.0034188034188018276
TIJ,2022,-0.04166666666666114
TIJ,2023,-0.05092592592592619
TIJ,2024,-0.3638888888888887
TIJ,2025,0.22314814814814732
TIJ,2026,0.012037037037036354
TRD,1996,-1.8611111111111107
TRD,1998,-1.7579365079365086
TRD,1999,-0.8134920634920637
TRD,2000,-1.1464285714285716
TRD,2001,-0.04642857142857153
TRD,2002,-2.3342857142857136
TRD,2003,-1.2307142857142872
TRD,2004,-0.837857142857142
TRD,2005,-1.1257142857142852
UNI,1996,-0.4111111111111107
UNI,1997,-1.2534722222222223
UNI,1998,-0.42460317460317515
UNI,1999,-0.48015873015873034
UNI,2000,0.05357142857142847
UNI,2001,-1.2464285714285714
UNI,2010,-0.4099999999999994
UNI,2012,-0.05615384615384258
UNI,2013,-0.18499999999999872
UNI,2014,0.16818181818182013
UNI,2015,-0.05648148148147985
UNI,2016,-0.3657407407407397
UNI,2017,-0.08888888888888778
UNI,2018,-0.18803418803418578
UNI,2019,-0.0999999999999959
UNI,2020,-0.6367521367521347
UPO,1996,-5.811111111111111
VIR,1996,-0.1611111111111107
VIR,1997,1.8020833333333333
VIR,1998,0.9087301587301582
VIR,1999,1.1309523809523807
VIR,2000,1.2035714285714285
VIR,2001,0.6535714285714285
VIR,2002,0.8857142857142868
VIR,2003,0.4192857142857129
VIR,2004,0.562142857142857
VIR,2005,0.15428571428571444
VIR,2006,0.5642857142857132
VIR,2007,0.28846153846153655
VIR,2008,0.10083333333333186
VIR,2009,-0.03583333333333059
VIR,2010,-1.0200000000000002
VIR,2015,-0.5231481481481484
VIR,2019,0.2222222222222238
VIR,2020,0.2854700854700856
VIR,2022,0.21388888888889174
VIR,2023,0.22685185185185
VIR,2024,0.31388888888888844
VIR,2025,0.33425925925925765
VIR,2026,0.24537037037036905
VIS,1996,0.9388888888888893
VIS,1997,0.13541666666666666
VIS,1998,-2.202380952380953
VIS,1999,-0.646825396825397
VIS,2000,-1.3964285714285716
VIS,2005,-0.4057142857142864
VIS,2006,0.6042857142857138
VIS,2007,0.21846153846153699
VIS,2008,-0.0391666666666687
VIS,2009,0.21416666666666728
VIS,2010,0.2
VIS,2011,0.14444444444443932
VIS,2012,0.4738461538461564
VIS,2013,0.4550000000000004
VIS,2014,-0.2118181818181796
VIS,2015,-0.2009259259259224
VIS,2016,-0.07685185185185064
VIS,2017,-0.1555555555555538
VIS,2018,-0.054700854700854507
VIS,2019,0.23333333333333506
VIS,2020,0.12991452991452868
VIS,2022,0.225000000000003
VIS,2023,0.13796296296295985
VIS,2024,0.08055555555555571
VIS,2025,0.24537037037036985
VIS,2026,0.21203703703703525
ROC,1997,-3.3645833333333335
ROC,2006,-1.8657142857142859
STC,1997,-1.6423611111111112
STC,2003,-1.8107142857142882
SCL,1999,-2.646825396825397
SCL,2002,-2.874285714285713
SCL,2004,-1.3478571428571418
SCL,2008,-0.6991666666666688
SCL,2011,-0.8255555555555596
SCL,2012,-0.2661538461538434
SCL,2013,-0.454999999999999
SCL,2014,-0.42181818181817976
SCL,2015,0.13240740740740778
SCL,2016,-0.09907407407407476
SCL,2017,-0.16666666666666508
SCL,2018,-0.26581196581196387
SCL,2019,-0.14444444444444096
SCL,2020,-0.1256410256410242
SCL,2022,-0.7638888888888842
TUI,2001,-2.3464285714285715
TUI,2017,-0.555555555555554
TUI,2018,0.18974358974359026
TUI,2019,0.011111111111113637
TUI,2020,-0.29230769230769243
TUI,2022,-0.2972222222222164
TUI,2023,-0.01759259259259396
TUI,2024,-0.019444444444445708
TUI,2025,-0.9324074074074081
TUI,2026,-0.03240740740740793
REN,2012,-0.8661538461538442
INO,2013,-0.6849999999999987
UPM,2025,-0.054629629629627315
NIT,2026,-0.643518518518519
